Query_ID	Target_ID	Optimal_offset	p-value	E-value	q-value	Overlap	Query_consensus	Target_consensus	Orientation
1	MA0474.2	-4	0.00782843	4.53266	1	10	CCTTACAGAAAGCT	ACCGGAAGTG	+
1	MA0098.3	-4	0.00845273	4.89413	1	10	CCTTACAGAAAGCT	ACCGGAAGTG	+
1	MA0475.2	-4	0.00845273	4.89413	1	10	CCTTACAGAAAGCT	ACCGGAAGTG	+
1	MA0765.1	-4	0.00983419	5.694	1	10	CCTTACAGAAAGCT	ACCGGAAGTG	+
1	MA1119.1	-3	0.0101251	5.86246	1	11	CCTTACAGAAAGCT	AACTGAAACCTGATAC	+
1	MA0156.2	-4	0.0105965	6.13538	1	10	CCTTACAGAAAGCT	ACCGGAAGTG	+
1	MA0764.1	-4	0.0132032	7.64463	1	10	CCTTACAGAAAGCT	ACCGGAAGTA	+
1	MA0761.1	-4	0.0141892	8.21554	1	10	CCTTACAGAAAGCT	ACCGGAAGTA	+
1	MA0759.1	-4	0.0163579	9.4712	1	10	CCTTACAGAAAGCT	ACCGGAAGTA	+
1	MA0763.1	-4	0.0188119	10.8921	1	10	CCTTACAGAAAGCT	ACCGGAAGTG	+
1	MA0028.2	-4	0.0215823	12.4962	1	10	CCTTACAGAAAGCT	ACCGGAAGTG	+
1	MA0760.1	-4	0.0230971	13.3732	1	10	CCTTACAGAAAGCT	ACCGGAAGTG	+
1	MA0500.1	-7	0.0251708	14.5739	1	7	CCTTACAGAAAGCT	GACAGCTGCAG	+
1	MA0025.1	1	0.0268243	15.5313	1	10	CCTTACAGAAAGCT	ACGTTACATAA	-
1	MA0606.1	-4	0.0282143	16.3361	1	10	CCTTACAGAAAGCT	AATGGAAAAT	-
1	MA0081.1	-4	0.0296267	17.1539	1	7	CCTTACAGAAAGCT	AGAGGAA	+
1	MA0158.1	0	0.0307967	17.8313	1	8	CCTTACAGAAAGCT	AATTAGTG	-
1	MA0762.1	-3	0.0323698	18.7421	1	11	CCTTACAGAAAGCT	AACCGGAAATA	+
1	MA0796.1	-6	0.0334299	19.3559	1	8	CCTTACAGAAAGCT	TGACAGCTGTCA	+
1	MA0508.2	-5	0.0343059	19.8631	1	9	CCTTACAGAAAGCT	GTGAAAGTGA	-
1	MA0521.1	-7	0.036602	21.1926	1	7	CCTTACAGAAAGCT	AACAGCTGCAG	+
1	MA0144.2	-1	0.0388936	22.5194	1	11	CCTTACAGAAAGCT	TTTCCCAGAAG	-
1	MA0076.2	-4	0.0388936	22.5194	1	10	CCTTACAGAAAGCT	GCCGGAAGTGG	-
1	MA0667.1	-7	0.0389859	22.5729	1	7	CCTTACAGAAAGCT	AACAGCTGTT	-
1	MA0100.3	-7	0.0415297	24.0457	1	7	CCTTACAGAAAGCT	GACAGTTGGT	-
1	MA0136.2	-3	0.0493663	28.5831	1	11	CCTTACAGAAAGCT	ACCCGGAAGTA	+
1	MA0816.1	-7	0.0500599	28.9847	1	7	CCTTACAGAAAGCT	AGCAGCTGCT	-
1	MA0703.1	-2	0.051419	29.7716	1	8	CCTTACAGAAAGCT	TTAATTAA	-
1	MA1115.1	-3	0.0554727	32.1187	1	11	CCTTACAGAAAGCT	ATATGCAAATT	+
1	MA0518.1	-1	0.0555641	32.1716	1	13	CCTTACAGAAAGCT	TTTCCAGGAAATGG	+
1	MA0597.1	-3	0.0588149	34.0539	1	9	CCTTACAGAAAGCT	TGCGGGCAG	-
1	MA0797.1	-6	0.0592271	34.2925	1	8	CCTTACAGAAAGCT	TGACAGCTGTCA	+
1	MA0898.1	6	0.0598029	34.6259	1	11	CCTTACAGAAAGCT	ACAAGCAATTAAAGAAT	+
1	MA0519.1	-2	0.0622268	36.0293	1	11	CCTTACAGAAAGCT	TTCTTGGAAAT	-
1	MA0698.1	1	0.0646018	37.4045	1	12	CCTTACAGAAAGCT	GAACATCTGGATG	-
1	MA0601.1	-2	0.0696859	40.3481	1	11	CCTTACAGAAAGCT	TTAATTAATAT	-
1	MA0107.1	-7	0.0718318	41.5906	1	7	CCTTACAGAAAGCT	GGAAATTCCC	-
1	MA0523.1	3	0.0719786	41.6756	1	11	CCTTACAGAAAGCT	AAAGATCAAAGGAA	+
1	MA0892.1	-1	0.0761608	44.0971	1	10	CCTTACAGAAAGCT	CCTAATTAAA	+
1	MA0602.1	4	0.0796316	46.1067	1	10	CCTTACAGAAAGCT	CTAATATTGCTAAA	+
1	MA0893.1	-1	0.0854889	49.4981	1	10	CCTTACAGAAAGCT	ACTAATTAAA	+
1	MA0164.1	-9	0.0860529	49.8246	1	5	CCTTACAGAAAGCT	AAGCTTG	-

# Tomtom (Motif Comparison Tool): Version 5.3.3 compiled on Feb 21 2021 at 14:52:43
# The format of this file is described at https://meme-suite.org/meme/doc/tomtom-output-format.html.
# tomtom -no-ssc -oc . -verbosity 1 -min-overlap 5 -mi 1 -dist pearson -evalue -thresh 50.0 -time 300 query_motifs db/JASPAR/JASPAR2018_CORE_vertebrates_non-redundant.meme
