Gene Name,Gene ID,Transcription Factor Name,Transcription Factor ID,Start Position,End Position,Strand,Core Match Score,Matrix Match Score,Sequence
ID=crovir-transcript-3870(+),988224,FOXO3,MA0157.2,217,224,1,1,0.867,CTAAACAA
ID=crovir-transcript-3870(+),988224,FOXC2,MA0846.1,940,951,-1,1,0.898,TGTATAAACAGT
ID=crovir-transcript-3870(+),988224,FOXC2,MA0846.1,897,908,-1,0.934,0.869,GAAATAAATATA
ID=crovir-transcript-3870(+),988224,ATF4,MA0833.2,772,785,1,1,0.904,ACTTGATGAAAGGA
ID=crovir-transcript-3870(+),988224,NR4A1,MA1112.2,85,96,-1,0.907,0.856,GAAAATGACATG
ID=crovir-transcript-3870(+),988224,ZBTB6,MA1581.1,23,35,1,1,0.856,ATGTTTGAGCCAT
ID=crovir-transcript-3870(+),988224,EHF,MA0598.3,865,879,-1,1,0.977,GACACTTCCTTCTGA
ID=crovir-transcript-3870(+),988224,FIGLA,MA0820.1,164,173,1,1,0.985,GCCACCTGTC
ID=crovir-transcript-3870(+),988224,FIGLA,MA0820.1,332,341,1,0.909,0.904,TTCAGCTGGG
ID=crovir-transcript-3870(+),988224,FIGLA,MA0820.1,741,750,1,1,0.971,CTCACCTGCA
ID=crovir-transcript-3870(+),988224,FIGLA,MA0820.1,332,341,-1,0.909,0.902,CCCAGCTGAA
ID=crovir-transcript-3870(+),988224,FIGLA,MA0820.1,263,272,-1,1,0.977,GGCACCTGTG
ID=crovir-transcript-3870(+),988224,Bhlha15,MA0607.1,32,39,1,0.873,0.877,CCATTTGG
ID=crovir-transcript-3870(+),988224,Bhlha15,MA0607.1,192,199,1,0.873,0.853,ACAAATGG
ID=crovir-transcript-3870(+),988224,Bhlha15,MA0607.1,192,199,-1,0.873,0.905,CCATTTGT
ID=crovir-transcript-3870(+),988224,Bhlha15,MA0607.1,32,39,-1,0.873,0.877,CCAAATGG
ID=crovir-transcript-3870(+),988224,SOX9,MA0077.1,104,112,1,0.872,0.875,CTATTGCTG
ID=crovir-transcript-3870(+),988224,SOX9,MA0077.1,784,792,-1,1,0.913,AGATTGTTC
ID=crovir-transcript-3870(+),988224,SOX9,MA0077.1,518,526,-1,1,0.941,CCATTGTGT
ID=crovir-transcript-3870(+),988224,KLF11,MA1512.1,509,519,1,0.933,0.954,GCCACACCCAC
ID=crovir-transcript-3870(+),988224,KLF11,MA1512.1,527,537,1,0.933,0.89,GCCACACCCAG
ID=crovir-transcript-3870(+),988224,KLF11,MA1512.1,545,555,1,0.933,0.89,GCCACACCCAG
ID=crovir-transcript-3870(+),988224,KLF11,MA1512.1,563,573,1,0.933,0.89,GCCACACCCAG
ID=crovir-transcript-3870(+),988224,KLF11,MA1512.1,581,591,1,0.933,0.89,GCCACACCCAG
ID=crovir-transcript-3870(+),988224,KLF11,MA1512.1,599,609,1,0.933,0.954,GCCACACCCAC
ID=crovir-transcript-3870(+),988224,KLF11,MA1512.1,948,958,1,0.933,0.934,TACACACCCAC
ID=crovir-transcript-3870(+),988224,KLF11,MA1512.1,689,699,-1,0.933,0.851,CACACACCCTA
ID=crovir-transcript-3870(+),988224,MEIS1,MA0498.2,154,160,1,0.857,0.855,CTGACTC
ID=crovir-transcript-3870(+),988224,MEIS1,MA0498.2,231,237,1,0.896,0.895,GAGACAG
ID=crovir-transcript-3870(+),988224,MEIS1,MA0498.2,796,802,1,0.896,0.897,AAGACAG
ID=crovir-transcript-3870(+),988224,MEIS1,MA0498.2,972,978,1,1,1,TTGACAG
ID=crovir-transcript-3870(+),988224,MEIS1,MA0498.2,875,881,-1,0.896,0.894,CAGACAC
ID=crovir-transcript-3870(+),988224,MEIS1,MA0498.2,825,831,-1,0.888,0.888,AGGACAG
ID=crovir-transcript-3870(+),988224,MEIS1,MA0498.2,750,756,-1,1,0.998,TTGACAT
ID=crovir-transcript-3870(+),988224,MEIS1,MA0498.2,707,713,-1,0.888,0.884,GGGACAT
ID=crovir-transcript-3870(+),988224,MEIS1,MA0498.2,410,416,-1,0.857,0.858,TTGACTG
ID=crovir-transcript-3870(+),988224,MEIS1,MA0498.2,169,175,-1,0.888,0.886,GGGACAG
ID=crovir-transcript-3870(+),988224,MEIS1,MA0498.2,86,92,-1,1,0.998,ATGACAT
ID=crovir-transcript-3870(+),988224,ZNF341,MA1655.1,307,318,-1,1,0.935,GGCAACAGCACG
ID=crovir-transcript-3870(+),988224,Arid3a,MA0151.1,346,351,1,0.939,0.944,ATAAAA
ID=crovir-transcript-3870(+),988224,Arid3a,MA0151.1,777,782,1,0.936,0.941,ATGAAA
ID=crovir-transcript-3870(+),988224,Arid3a,MA0151.1,920,925,1,0.939,0.867,ATAAAG
ID=crovir-transcript-3870(+),988224,Arid3a,MA0151.1,943,948,-1,0.939,0.863,ATAAAC
ID=crovir-transcript-3870(+),988224,Arid3a,MA0151.1,900,905,-1,0.939,0.887,ATAAAT
ID=crovir-transcript-3870(+),988224,Arid3a,MA0151.1,892,897,-1,0.936,0.884,ATGAAT
ID=crovir-transcript-3870(+),988224,Arid3a,MA0151.1,884,889,-1,0.939,0.887,ATAAAT
ID=crovir-transcript-3870(+),988224,Arid3a,MA0151.1,773,778,-1,0.97,0.895,ATCAAG
ID=crovir-transcript-3870(+),988224,Arid3a,MA0151.1,463,468,-1,0.939,0.887,ATAAAT
ID=crovir-transcript-3870(+),988224,Arid3a,MA0151.1,459,464,-1,0.97,0.915,ATCAAT
ID=crovir-transcript-3870(+),988224,Arid3a,MA0151.1,342,347,-1,0.939,0.944,ATAAAA
ID=crovir-transcript-3870(+),988224,ELF5,MA0136.2,427,437,1,0.944,0.882,TTGCGGAAAAA
ID=crovir-transcript-3870(+),988224,ELF5,MA0136.2,867,877,1,1,0.963,AGAAGGAAGTG
ID=crovir-transcript-3870(+),988224,ELF5,MA0136.2,858,868,-1,0.944,0.855,CTGAGGAAAAA
ID=crovir-transcript-3870(+),988224,ELF5,MA0136.2,828,838,-1,1,0.91,TGGAGGAAGGA
ID=crovir-transcript-3870(+),988224,BARX2,MA1471.1,847,858,-1,1,0.889,AGATATCATTAT
ID=crovir-transcript-3870(+),988224,NFIX,MA0671.1,0,8,1,0.932,0.912,TGGGCCATT
ID=crovir-transcript-3870(+),988224,NFIX,MA0671.1,28,36,1,0.932,0.916,TGAGCCATT
ID=crovir-transcript-3870(+),988224,NFIX,MA0671.1,74,82,1,0.955,0.935,GGGGCCAGG
ID=crovir-transcript-3870(+),988224,NFIX,MA0671.1,161,169,1,0.929,0.93,CCTGCCACC
ID=crovir-transcript-3870(+),988224,NFIX,MA0671.1,267,275,1,0.955,0.956,GGTGCCAGA
ID=crovir-transcript-3870(+),988224,NFIX,MA0671.1,506,514,1,0.929,0.914,GCAGCCACA
ID=crovir-transcript-3870(+),988224,NFIX,MA0671.1,524,532,1,0.929,0.91,TGGGCCACA
ID=crovir-transcript-3870(+),988224,NFIX,MA0671.1,534,542,1,1,0.983,CCAGCCAAT
ID=crovir-transcript-3870(+),988224,NFIX,MA0671.1,542,550,1,0.929,0.91,TGGGCCACA
ID=crovir-transcript-3870(+),988224,NFIX,MA0671.1,552,560,1,1,0.983,CCAGCCAAT
ID=crovir-transcript-3870(+),988224,NFIX,MA0671.1,560,568,1,0.929,0.91,TGGGCCACA
ID=crovir-transcript-3870(+),988224,NFIX,MA0671.1,570,578,1,1,0.983,CCAGCCAAT
ID=crovir-transcript-3870(+),988224,NFIX,MA0671.1,578,586,1,0.929,0.91,TGGGCCACA
ID=crovir-transcript-3870(+),988224,NFIX,MA0671.1,588,596,1,1,0.983,CCAGCCAAT
ID=crovir-transcript-3870(+),988224,NFIX,MA0671.1,596,604,1,0.929,0.91,TGGGCCACA
ID=crovir-transcript-3870(+),988224,NFIX,MA0671.1,673,681,1,0.932,0.933,TTTGCCATC
ID=crovir-transcript-3870(+),988224,NFIX,MA0671.1,713,721,1,0.932,0.912,CTGGCCATC
ID=crovir-transcript-3870(+),988224,NFIX,MA0671.1,961,969,-1,1,0.984,TGAGCCAAG
ID=crovir-transcript-3870(+),988224,NFIX,MA0671.1,810,818,-1,0.955,0.955,GATGCCAGG
ID=crovir-transcript-3870(+),988224,NFIX,MA0671.1,712,720,-1,0.955,0.935,ATGGCCAGG
ID=crovir-transcript-3870(+),988224,NFIX,MA0671.1,355,363,-1,1,0.983,AAAGCCAAA
ID=crovir-transcript-3870(+),988224,NFIX,MA0671.1,258,266,-1,0.932,0.933,TGTGCCATA
ID=crovir-transcript-3870(+),988224,NFIX,MA0671.1,247,255,-1,0.929,0.913,TTCGCCACC
ID=crovir-transcript-3870(+),988224,NFIX,MA0671.1,195,203,-1,0.932,0.912,TGGGCCATT
ID=crovir-transcript-3870(+),988224,NFIX,MA0671.1,143,151,-1,0.955,0.939,GAAGCCAGG
ID=crovir-transcript-3870(+),988224,NFIX,MA0671.1,56,64,-1,0.929,0.93,TCTGCCACC
ID=crovir-transcript-3870(+),988224,NFIX,MA0671.1,38,46,-1,0.929,0.93,ACTGCCACC
ID=crovir-transcript-3870(+),988224,SREBF1,MA0595.1,679,688,1,0.944,0.872,ATCACTGCAG
ID=crovir-transcript-3870(+),988224,OVOL1,MA1544.1,491,504,1,1,0.875,TCTGCCGTTACCAC
ID=crovir-transcript-3870(+),988224,FOXI1,MA0042.2,942,948,-1,0.858,0.896,ATAAACA
ID=crovir-transcript-3870(+),988224,SREBF2,MA0596.1,679,688,-1,1,0.886,CTGCAGTGAT
ID=crovir-transcript-3870(+),988224,TBX3,MA1566.1,36,45,1,0.893,0.871,TTGGTGGCAG
ID=crovir-transcript-3870(+),988224,TBX3,MA1566.1,45,54,1,0.893,0.886,GTGGTGGGAT
ID=crovir-transcript-3870(+),988224,TBX3,MA1566.1,54,63,1,0.893,0.875,TGGGTGGCAG
ID=crovir-transcript-3870(+),988224,TBX3,MA1566.1,245,254,1,0.893,0.851,GTGGTGGCGA
ID=crovir-transcript-3870(+),988224,TBX3,MA1566.1,265,274,1,0.915,0.906,CAGGTGCCAG
ID=crovir-transcript-3870(+),988224,TBX3,MA1566.1,375,384,1,0.953,0.905,ACTGTGTGCA
ID=crovir-transcript-3870(+),988224,TBX3,MA1566.1,690,699,1,1,0.955,AGGGTGTGTG
ID=crovir-transcript-3870(+),988224,TBX3,MA1566.1,692,701,1,0.953,0.945,GGTGTGTGAA
ID=crovir-transcript-3870(+),988224,TBX3,MA1566.1,872,881,1,0.956,0.917,GAAGTGTCTG
ID=crovir-transcript-3870(+),988224,TBX3,MA1566.1,983,992,-1,0.965,0.897,TCCGTGTAGT
ID=crovir-transcript-3870(+),988224,TBX3,MA1566.1,948,957,-1,1,0.955,TGGGTGTGTA
ID=crovir-transcript-3870(+),988224,TBX3,MA1566.1,946,955,-1,0.953,0.889,GGTGTGTATA
ID=crovir-transcript-3870(+),988224,TBX3,MA1566.1,739,748,-1,0.892,0.865,CAGGTGAGCA
ID=crovir-transcript-3870(+),988224,TBX3,MA1566.1,603,612,-1,0.893,0.856,CGGGTGGGTG
ID=crovir-transcript-3870(+),988224,TBX3,MA1566.1,599,608,-1,1,0.961,TGGGTGTGGC
ID=crovir-transcript-3870(+),988224,TBX3,MA1566.1,581,590,-1,1,0.961,TGGGTGTGGC
ID=crovir-transcript-3870(+),988224,TBX3,MA1566.1,563,572,-1,1,0.961,TGGGTGTGGC
ID=crovir-transcript-3870(+),988224,TBX3,MA1566.1,545,554,-1,1,0.961,TGGGTGTGGC
ID=crovir-transcript-3870(+),988224,TBX3,MA1566.1,527,536,-1,1,0.961,TGGGTGTGGC
ID=crovir-transcript-3870(+),988224,TBX3,MA1566.1,515,524,-1,0.953,0.915,ATTGTGTGGG
ID=crovir-transcript-3870(+),988224,TBX3,MA1566.1,509,518,-1,1,0.961,TGGGTGTGGC
ID=crovir-transcript-3870(+),988224,TBX3,MA1566.1,498,507,-1,0.893,0.868,GCGGTGGTAA
ID=crovir-transcript-3870(+),988224,TBX3,MA1566.1,480,489,-1,0.893,0.899,TAGGTGGGAC
ID=crovir-transcript-3870(+),988224,TBX3,MA1566.1,175,184,-1,0.868,0.862,GTTGTGCGAG
ID=crovir-transcript-3870(+),988224,TBX3,MA1566.1,162,171,-1,0.893,0.887,CAGGTGGCAG
ID=crovir-transcript-3870(+),988224,TBX3,MA1566.1,112,121,-1,0.915,0.853,TTGGTGCAGC
ID=crovir-transcript-3870(+),988224,NFATC1,MA0624.1,828,837,1,0.948,0.915,TCCTTCCTCC
ID=crovir-transcript-3870(+),988224,NFATC1,MA0624.1,858,867,1,1,0.967,TTTTTCCTCA
ID=crovir-transcript-3870(+),988224,NFATC1,MA0624.1,868,877,-1,0.948,0.914,CACTTCCTTC
ID=crovir-transcript-3870(+),988224,NFATC1,MA0624.1,780,789,-1,0.954,0.925,TTGTTCCTTT
ID=crovir-transcript-3870(+),988224,NFATC1,MA0624.1,428,437,-1,1,0.985,TTTTTCCGCA
ID=crovir-transcript-3870(+),988224,TFAP4,MA0691.1,332,341,1,1,0.897,TTCAGCTGGG
ID=crovir-transcript-3870(+),988224,TFAP4,MA0691.1,332,341,-1,1,0.908,CCCAGCTGAA
ID=crovir-transcript-3870(+),988224,NR4A2,MA0160.1,825,832,-1,0.926,0.91,AAGGACAG
ID=crovir-transcript-3870(+),988224,NR4A2,MA0160.1,468,475,-1,0.851,0.859,AAGTTCAA
ID=crovir-transcript-3870(+),988224,Dlx4,MA0881.1,847,854,-1,0.89,0.881,ATCATTAT
ID=crovir-transcript-3870(+),988224,FOXO4,MA0848.1,217,223,1,1,0.906,CTAAACA
ID=crovir-transcript-3870(+),988224,FOXO4,MA0848.1,942,948,-1,1,0.935,ATAAACA
ID=crovir-transcript-3870(+),988224,KLF16,MA0741.1,509,519,1,0.94,0.947,GCCACACCCAC
ID=crovir-transcript-3870(+),988224,KLF16,MA0741.1,599,609,1,0.94,0.947,GCCACACCCAC
ID=crovir-transcript-3870(+),988224,KLF16,MA0741.1,948,958,1,0.94,0.919,TACACACCCAC
crovir-transcript-PLA2_gIIE::scaffold-mi7:3021873-3022481(-),988225,FOXO4,MA0848.1,204,210,1,1,0.873,GAAAACA
crovir-transcript-PLA2_gIIE::scaffold-mi7:3021873-3022481(-),988225,FOXO4,MA0848.1,326,332,1,0.858,0.891,GTAAAAA
crovir-transcript-PLA2_gIIE::scaffold-mi7:3021873-3022481(-),988225,Bhlha15,MA0607.1,122,129,1,0.873,0.873,TCATTTGT
crovir-transcript-PLA2_gIIE::scaffold-mi7:3021873-3022481(-),988225,SOX9,MA0077.1,422,430,1,1,0.944,CCATTGTCC
crovir-transcript-PLA2_gIIE::scaffold-mi7:3021873-3022481(-),988225,SOX9,MA0077.1,440,448,1,0.88,0.896,CCATTGGTT
crovir-transcript-PLA2_gIIE::scaffold-mi7:3021873-3022481(-),988225,KLF16,MA0741.1,192,202,1,0.908,0.9,TACACACCCTC
crovir-transcript-PLA2_gIIE::scaffold-mi7:3021873-3022481(-),988225,KLF16,MA0741.1,588,598,1,0.908,0.919,ACCACACCCTC
crovir-transcript-PLA2_gIIE::scaffold-mi7:3021873-3022481(-),988225,NR4A1,MA1112.2,363,374,-1,0.907,0.859,GAAAATGCCATG
crovir-transcript-PLA2_gIIE::scaffold-mi7:3021873-3022481(-),988225,MEIS1,MA0498.2,57,63,1,1,0.996,GTGACAA
crovir-transcript-PLA2_gIIE::scaffold-mi7:3021873-3022481(-),988225,MEIS1,MA0498.2,103,109,1,0.857,0.855,CTGACTT
crovir-transcript-PLA2_gIIE::scaffold-mi7:3021873-3022481(-),988225,MEIS1,MA0498.2,275,281,1,1,1,TTGACAG
crovir-transcript-PLA2_gIIE::scaffold-mi7:3021873-3022481(-),988225,MEIS1,MA0498.2,295,301,1,0.868,0.866,CTGACGA
crovir-transcript-PLA2_gIIE::scaffold-mi7:3021873-3022481(-),988225,MEIS1,MA0498.2,348,354,1,0.857,0.855,CTGACTT
crovir-transcript-PLA2_gIIE::scaffold-mi7:3021873-3022481(-),988225,MEIS1,MA0498.2,355,361,1,0.868,0.864,GTGACGC
crovir-transcript-PLA2_gIIE::scaffold-mi7:3021873-3022481(-),988225,MEIS1,MA0498.2,583,589,1,0.896,0.895,AAGACAC
crovir-transcript-PLA2_gIIE::scaffold-mi7:3021873-3022481(-),988225,MEIS1,MA0498.2,549,555,-1,0.888,0.886,CGGACAA
crovir-transcript-PLA2_gIIE::scaffold-mi7:3021873-3022481(-),988225,MEIS1,MA0498.2,425,431,-1,0.888,0.887,AGGACAA
crovir-transcript-PLA2_gIIE::scaffold-mi7:3021873-3022481(-),988225,MEIS1,MA0498.2,319,325,-1,1,0.998,GTGACAG
crovir-transcript-PLA2_gIIE::scaffold-mi7:3021873-3022481(-),988225,MEIS1,MA0498.2,119,125,-1,0.868,0.866,ATGACGC
crovir-transcript-PLA2_gIIE::scaffold-mi7:3021873-3022481(-),988225,ZNF341,MA1655.1,557,568,-1,1,0.983,TGGAACAGCAAA
crovir-transcript-PLA2_gIIE::scaffold-mi7:3021873-3022481(-),988225,FIGLA,MA0820.1,482,491,1,0.909,0.913,ATCAGCTGGA
crovir-transcript-PLA2_gIIE::scaffold-mi7:3021873-3022481(-),988225,FIGLA,MA0820.1,482,491,-1,0.909,0.908,TCCAGCTGAT
crovir-transcript-PLA2_gIIE::scaffold-mi7:3021873-3022481(-),988225,ELF5,MA0136.2,142,152,1,1,0.883,TTATGGAAGGA
crovir-transcript-PLA2_gIIE::scaffold-mi7:3021873-3022481(-),988225,ELF5,MA0136.2,465,475,1,1,0.911,TCTGGGAAGTG
crovir-transcript-PLA2_gIIE::scaffold-mi7:3021873-3022481(-),988225,ELF5,MA0136.2,569,579,1,0.944,0.876,TCCAGGAAAGG
crovir-transcript-PLA2_gIIE::scaffold-mi7:3021873-3022481(-),988225,ELF5,MA0136.2,577,587,1,1,0.938,AGGAGGAAGAC
crovir-transcript-PLA2_gIIE::scaffold-mi7:3021873-3022481(-),988225,ELF5,MA0136.2,519,529,-1,1,0.871,GTTGGGAAGGA
crovir-transcript-PLA2_gIIE::scaffold-mi7:3021873-3022481(-),988225,ELF5,MA0136.2,450,460,-1,1,0.905,CAGAGGAAGCC
crovir-transcript-PLA2_gIIE::scaffold-mi7:3021873-3022481(-),988225,KLF11,MA1512.1,192,202,1,0.933,0.912,TACACACCCTC
crovir-transcript-PLA2_gIIE::scaffold-mi7:3021873-3022481(-),988225,KLF11,MA1512.1,588,598,1,0.933,0.929,ACCACACCCTC
crovir-transcript-PLA2_gIIE::scaffold-mi7:3021873-3022481(-),988225,TBX3,MA1566.1,65,74,1,1,0.947,AGGGTGTTGC
crovir-transcript-PLA2_gIIE::scaffold-mi7:3021873-3022481(-),988225,TBX3,MA1566.1,161,170,1,0.893,0.868,AAGGTGGGCC
crovir-transcript-PLA2_gIIE::scaffold-mi7:3021873-3022481(-),988225,TBX3,MA1566.1,588,597,-1,1,0.962,AGGGTGTGGT
crovir-transcript-PLA2_gIIE::scaffold-mi7:3021873-3022481(-),988225,TBX3,MA1566.1,583,592,-1,1,0.942,GTGGTGTCTT
crovir-transcript-PLA2_gIIE::scaffold-mi7:3021873-3022481(-),988225,TBX3,MA1566.1,319,328,-1,0.857,0.853,TACGTGACAG
crovir-transcript-PLA2_gIIE::scaffold-mi7:3021873-3022481(-),988225,TBX3,MA1566.1,205,214,-1,1,0.954,GAGGTGTTTT
crovir-transcript-PLA2_gIIE::scaffold-mi7:3021873-3022481(-),988225,TBX3,MA1566.1,192,201,-1,1,0.955,AGGGTGTGTA
crovir-transcript-PLA2_gIIE::scaffold-mi7:3021873-3022481(-),988225,TBX3,MA1566.1,190,199,-1,0.953,0.888,GGTGTGTACA
crovir-transcript-PLA2_gIIE::scaffold-mi7:3021873-3022481(-),988225,EHF,MA0598.3,575,589,-1,1,0.863,GTGTCTTCCTCCTTT
crovir-transcript-PLA2_gIIE::scaffold-mi7:3021873-3022481(-),988225,EHF,MA0598.3,463,477,-1,1,0.861,TCCACTTCCCAGAAT
crovir-transcript-PLA2_gIIE::scaffold-mi7:3021873-3022481(-),988225,Creb3l2,MA0608.1,321,329,1,1,0.86,GTCACGTAA
crovir-transcript-PLA2_gIIE::scaffold-mi7:3021873-3022481(-),988225,RORC,MA1151.1,550,561,-1,0.932,0.883,GCAAATCGGACA
crovir-transcript-PLA2_gIIE::scaffold-mi7:3021873-3022481(-),988225,RORC,MA1151.1,175,186,-1,1,0.852,CCAAGACGGTCA
crovir-transcript-PLA2_gIIE::scaffold-mi7:3021873-3022481(-),988225,Dlx4,MA0881.1,479,486,-1,0.882,0.875,CTGATTAA
crovir-transcript-PLA2_gIIE::scaffold-mi7:3021873-3022481(-),988225,SPDEF,MA0686.1,233,243,1,1,0.87,CCCCGGATGAG
crovir-transcript-PLA2_gIIE::scaffold-mi7:3021873-3022481(-),988225,SPDEF,MA0686.1,279,289,-1,1,0.88,GTCCGGATCTG
crovir-transcript-PLA2_gIIE::scaffold-mi7:3021873-3022481(-),988225,RORA,MA0071.1,175,184,-1,1,0.883,AAGACGGTCA
crovir-transcript-PLA2_gIIE::scaffold-mi7:3021873-3022481(-),988225,Arnt,MA0004.1,323,328,-1,1,0.904,TACGTG
crovir-transcript-PLA2_gIIE::scaffold-mi7:3021873-3022481(-),988225,PITX2,MA1547.1,479,486,1,1,0.857,TTAATCAG
crovir-transcript-PLA2_gIIE::scaffold-mi7:3021873-3022481(-),988225,SREBF1,MA0595.1,26,35,1,1,0.882,TTCACCACAA
crovir-transcript-PLA2_gIIE::scaffold-mi7:3021873-3022481(-),988225,SREBF1,MA0595.1,343,352,-1,0.856,0.877,GTCAGCCCAA
crovir-transcript-PLA2_gIIE::scaffold-mi7:3021873-3022481(-),988225,SREBF1,MA0595.1,52,61,-1,0.944,0.901,GTCACTCGAT
crovir-transcript-PLA2_gIIE::scaffold-mi7:3021873-3022481(-),988225,ZBTB26,MA1579.1,451,465,-1,1,0.954,AATTCCAGAGGAAGC
crovir-transcript-PLA2_gIIE::scaffold-mi7:3021873-3022481(-),988225,Tcfcp2l1,MA0145.2,487,500,-1,0.989,0.948,CCAGCCCCCTCCAG
crovir-transcript-PLA2_gIIE::scaffold-mi7:3021873-3022481(-),988225,SREBF2,MA0596.1,52,61,1,0.98,0.85,ATCGAGTGAC
crovir-transcript-PLA2_gIIE::scaffold-mi7:3021873-3022481(-),988225,SREBF2,MA0596.1,343,352,1,0.895,0.916,TTGGGCTGAC
crovir-transcript-PLA2_gIIE::scaffold-mi7:3021873-3022481(-),988225,SREBF2,MA0596.1,26,35,-1,0.954,0.87,TTGTGGTGAA
crovir-transcript-PLA2_gIIE::scaffold-mi7:3021873-3022481(-),988225,NR4A2,MA0160.1,425,432,-1,0.926,0.885,CAGGACAA
crovir-transcript-PLA2_gIIE::scaffold-mi7:3021873-3022481(-),988225,NR4A2,MA0160.1,305,312,-1,0.851,0.859,AAGTTCAA
crovir-transcript-PLA2_gIIE::scaffold-mi7:3021873-3022481(-),988225,NFATC1,MA0624.1,251,260,1,1,0.966,TTTTTCCCTC
crovir-transcript-PLA2_gIIE::scaffold-mi7:3021873-3022481(-),988225,NFATC1,MA0624.1,450,459,1,0.948,0.913,GGCTTCCTCT
crovir-transcript-PLA2_gIIE::scaffold-mi7:3021873-3022481(-),988225,NFATC1,MA0624.1,519,528,1,0.948,0.912,TCCTTCCCAA
crovir-transcript-PLA2_gIIE::scaffold-mi7:3021873-3022481(-),988225,NFATC1,MA0624.1,561,570,1,0.954,0.951,CTGTTCCATC
crovir-transcript-PLA2_gIIE::scaffold-mi7:3021873-3022481(-),988225,NFATC1,MA0624.1,578,587,-1,0.948,0.915,GTCTTCCTCC
crovir-transcript-PLA2_gIIE::scaffold-mi7:3021873-3022481(-),988225,NFATC1,MA0624.1,570,579,-1,1,0.959,CCTTTCCTGG
crovir-transcript-PLA2_gIIE::scaffold-mi7:3021873-3022481(-),988225,NFATC1,MA0624.1,466,475,-1,0.948,0.909,CACTTCCCAG
crovir-transcript-PLA2_gIIE::scaffold-mi7:3021873-3022481(-),988225,NFATC1,MA0624.1,457,466,-1,0.957,0.949,GAATTCCAGA
crovir-transcript-PLA2_gIIE::scaffold-mi7:3021873-3022481(-),988225,NFATC1,MA0624.1,143,152,-1,0.948,0.947,TCCTTCCATA
crovir-transcript-PLA2_gIIE::scaffold-mi7:3021873-3022481(-),988225,TFAP4,MA0691.1,482,491,1,1,0.942,ATCAGCTGGA
crovir-transcript-PLA2_gIIE::scaffold-mi7:3021873-3022481(-),988225,TFAP4,MA0691.1,482,491,-1,1,0.938,TCCAGCTGAT
crovir-transcript-PLA2_gIIE::scaffold-mi7:3021873-3022481(-),988225,ZBTB6,MA1581.1,131,143,1,0.897,0.892,GCCCTGGAGCTTT
crovir-transcript-PLA2_gIIE::scaffold-mi7:3021873-3022481(-),988225,NFIX,MA0671.1,390,398,1,0.929,0.914,AGAGCCACC
crovir-transcript-PLA2_gIIE::scaffold-mi7:3021873-3022481(-),988225,NFIX,MA0671.1,363,371,-1,0.932,0.933,AATGCCATG
crovir-transcript-PLA2_gIIE::scaffold-mi7:3021873-3022481(-),988225,NFIX,MA0671.1,169,177,-1,0.955,0.939,TCAGCCAGG
crovir-transcript-PLA2_gIIE::scaffold-mi7:3021873-3022481(-),988225,Arid3a,MA0151.1,48,53,1,0.939,0.887,ATAAAT
crovir-transcript-PLA2_gIIE::scaffold-mi7:3021873-3022481(-),988225,Arid3a,MA0151.1,478,483,-1,1,0.919,ATTAAC
crovir-transcript-PLA2_gIIE::scaffold-mi7:3021873-3022481(-),988225,Arid3a,MA0151.1,263,268,-1,0.97,0.972,ATCAAA
crovir-transcript-PLA2_gIIE::scaffold-mi7:3021873-3022481(-),988225,Arid3a,MA0151.1,140,145,-1,0.939,0.867,ATAAAG
crovir-transcript-PLA2_gIIE::scaffold-mi7:3021873-3022481(-),988225,FOXI1,MA0042.2,326,332,1,1,0.91,GTAAAAA
crovir-transcript-PLA2_gIIE::scaffold-mi7:3021873-3022481(-),988225,FOXC2,MA0846.1,323,334,1,0.887,0.871,CACGTAAAAAAC
crovir-transcript-PLA2_gIIE::scaffold-mi7:3021873-3022481(-),988225,FOXC2,MA0846.1,243,254,-1,1,0.869,AAAAGAAACAAC
ID=crovir-transcript-3876(+),988226,RORC,MA1151.1,262,273,-1,0.945,0.888,TTATCTTGGGCA
ID=crovir-transcript-3876(+),988226,JUN,MA0488.1,655,667,-1,0.967,0.884,GTCATGAGGAAAT
ID=crovir-transcript-3876(+),988226,FIGLA,MA0820.1,380,389,1,0.871,0.88,GACAACTGTG
ID=crovir-transcript-3876(+),988226,FIGLA,MA0820.1,923,932,1,0.909,0.912,AACAGCTGCC
ID=crovir-transcript-3876(+),988226,FIGLA,MA0820.1,923,932,-1,0.909,0.907,GGCAGCTGTT
ID=crovir-transcript-3876(+),988226,FIGLA,MA0820.1,864,873,-1,0.871,0.87,CACATCTGAG
ID=crovir-transcript-3876(+),988226,FIGLA,MA0820.1,42,51,-1,0.871,0.88,AACATCTGAG
ID=crovir-transcript-3876(+),988226,SOX10,MA0442.2,745,755,-1,1,0.989,TAGACAAAGAA
ID=crovir-transcript-3876(+),988226,EHF,MA0598.3,652,666,1,0.879,0.889,TGCATTTCCTCATGA
ID=crovir-transcript-3876(+),988226,EHF,MA0598.3,904,918,1,1,0.967,TTAACTTCCTCTTCT
ID=crovir-transcript-3876(+),988226,NR4A2,MA0160.1,189,196,-1,0.926,0.867,CAGGACAT
ID=crovir-transcript-3876(+),988226,Bhlha15,MA0607.1,43,50,1,0.905,0.897,TCAGATGT
ID=crovir-transcript-3876(+),988226,Bhlha15,MA0607.1,52,59,1,0.873,0.866,GCATTTGC
ID=crovir-transcript-3876(+),988226,Bhlha15,MA0607.1,491,498,1,0.873,0.882,CCATGTGC
ID=crovir-transcript-3876(+),988226,Bhlha15,MA0607.1,667,674,1,1,0.977,CCATATGC
ID=crovir-transcript-3876(+),988226,Bhlha15,MA0607.1,865,872,1,0.905,0.897,TCAGATGT
ID=crovir-transcript-3876(+),988226,Bhlha15,MA0607.1,865,872,-1,0.905,0.868,ACATCTGA
ID=crovir-transcript-3876(+),988226,Bhlha15,MA0607.1,667,674,-1,1,0.956,GCATATGG
ID=crovir-transcript-3876(+),988226,Bhlha15,MA0607.1,491,498,-1,0.873,0.861,GCACATGG
ID=crovir-transcript-3876(+),988226,Bhlha15,MA0607.1,342,349,-1,0.873,0.852,GCAAATGA
ID=crovir-transcript-3876(+),988226,Bhlha15,MA0607.1,52,59,-1,0.873,0.866,GCAAATGC
ID=crovir-transcript-3876(+),988226,Bhlha15,MA0607.1,43,50,-1,0.905,0.868,ACATCTGA
ID=crovir-transcript-3876(+),988226,MEIS1,MA0498.2,38,44,1,0.857,0.856,ATGACTC
ID=crovir-transcript-3876(+),988226,MEIS1,MA0498.2,378,384,1,1,0.998,TTGACAA
ID=crovir-transcript-3876(+),988226,MEIS1,MA0498.2,617,623,1,0.896,0.895,AAGACAT
ID=crovir-transcript-3876(+),988226,MEIS1,MA0498.2,749,755,-1,0.896,0.895,TAGACAA
ID=crovir-transcript-3876(+),988226,MEIS1,MA0498.2,248,254,-1,0.896,0.895,AAGACAA
ID=crovir-transcript-3876(+),988226,MEIS1,MA0498.2,189,195,-1,0.888,0.886,AGGACAT
ID=crovir-transcript-3876(+),988226,MEIS1,MA0498.2,179,185,-1,0.857,0.856,TTGACTA
ID=crovir-transcript-3876(+),988226,MEIS1,MA0498.2,102,108,-1,0.896,0.895,AAGACAA
ID=crovir-transcript-3876(+),988226,MEIS1,MA0498.2,77,83,-1,0.896,0.895,AAGACAA
ID=crovir-transcript-3876(+),988226,SOX9,MA0077.1,981,989,1,1,0.854,AGATTGTGT
ID=crovir-transcript-3876(+),988226,FOXO4,MA0848.1,855,861,1,1,0.906,TTAAACA
ID=crovir-transcript-3876(+),988226,FOXO4,MA0848.1,988,994,1,0.858,0.891,GTAAAAA
ID=crovir-transcript-3876(+),988226,FOXO4,MA0848.1,563,569,-1,0.898,0.856,ATCAACA
ID=crovir-transcript-3876(+),988226,FOXO4,MA0848.1,332,338,-1,1,1,GTAAACA
ID=crovir-transcript-3876(+),988226,Dlx4,MA0881.1,116,123,1,1,0.948,AAAATTAA
ID=crovir-transcript-3876(+),988226,Dlx4,MA0881.1,396,403,1,1,0.948,AAAATTAA
ID=crovir-transcript-3876(+),988226,Dlx4,MA0881.1,721,728,1,0.89,0.881,TTCATTAT
ID=crovir-transcript-3876(+),988226,Dlx4,MA0881.1,839,846,1,1,0.985,ATAATTAA
ID=crovir-transcript-3876(+),988226,Dlx4,MA0881.1,839,846,-1,1,0.985,TTAATTAT
ID=crovir-transcript-3876(+),988226,Dlx4,MA0881.1,784,791,-1,0.89,0.895,ACCATTAA
ID=crovir-transcript-3876(+),988226,Dlx4,MA0881.1,362,369,-1,1,0.948,AAAATTAA
ID=crovir-transcript-3876(+),988226,RORA,MA0071.1,784,793,1,1,0.886,TTAATGGTCA
ID=crovir-transcript-3876(+),988226,RORA,MA0071.1,664,673,-1,1,0.856,CATATGGTCA
ID=crovir-transcript-3876(+),988226,PITX2,MA1547.1,400,407,1,0.854,0.867,TTAATACA
ID=crovir-transcript-3876(+),988226,PITX2,MA1547.1,690,697,1,0.854,0.867,ATAATACA
ID=crovir-transcript-3876(+),988226,PITX2,MA1547.1,898,905,1,1,0.858,TTAATCTT
ID=crovir-transcript-3876(+),988226,PITX2,MA1547.1,968,975,1,0.854,0.867,TTAATGCA
ID=crovir-transcript-3876(+),988226,Ddit3::Cebpa,MA0019.1,604,615,1,1,0.933,TTGTGCAATATT
ID=crovir-transcript-3876(+),988226,Ddit3::Cebpa,MA0019.1,519,530,-1,1,0.943,CCATGCAATAGT
ID=crovir-transcript-3876(+),988226,Ddit3::Cebpa,MA0019.1,149,160,-1,1,0.938,AAATGCAATATT
ID=crovir-transcript-3876(+),988226,Ddit3::Cebpa,MA0019.1,46,57,-1,1,0.879,AAATGCAACATC
ID=crovir-transcript-3876(+),988226,POU6F1,MA0628.1,838,847,1,1,0.973,TATAATTAAA
ID=crovir-transcript-3876(+),988226,POU6F1,MA0628.1,838,847,-1,1,0.973,TTTAATTATA
ID=crovir-transcript-3876(+),988226,TFAP4,MA0691.1,923,932,1,1,0.953,AACAGCTGCC
ID=crovir-transcript-3876(+),988226,TFAP4,MA0691.1,923,932,-1,1,0.933,GGCAGCTGTT
ID=crovir-transcript-3876(+),988226,FOXI1,MA0042.2,988,994,1,1,0.91,GTAAAAA
ID=crovir-transcript-3876(+),988226,FOXI1,MA0042.2,332,338,-1,1,1,GTAAACA
ID=crovir-transcript-3876(+),988226,NFATC1,MA0624.1,156,165,1,1,0.989,CATTTCCAGG
ID=crovir-transcript-3876(+),988226,NFATC1,MA0624.1,316,325,1,0.948,0.944,CCCTTCCATT
ID=crovir-transcript-3876(+),988226,NFATC1,MA0624.1,371,380,1,0.954,0.925,ATGTTCCTTG
ID=crovir-transcript-3876(+),988226,NFATC1,MA0624.1,543,552,1,0.954,0.922,TGGTTCCTTC
ID=crovir-transcript-3876(+),988226,NFATC1,MA0624.1,654,663,1,1,0.962,CATTTCCTCA
ID=crovir-transcript-3876(+),988226,NFATC1,MA0624.1,711,720,1,0.948,0.945,GCCTTCCATT
ID=crovir-transcript-3876(+),988226,NFATC1,MA0624.1,906,915,1,0.948,0.917,AACTTCCTCT
ID=crovir-transcript-3876(+),988226,NFATC1,MA0624.1,526,535,-1,1,0.998,TTTTTCCATG
ID=crovir-transcript-3876(+),988226,NFATC1,MA0624.1,501,510,-1,0.948,0.916,AACTTCCCTC
ID=crovir-transcript-3876(+),988226,NFATC1,MA0624.1,252,261,-1,1,0.991,CATTTCCAAG
ID=crovir-transcript-3876(+),988226,NFATC1,MA0624.1,183,192,-1,0.957,0.926,ACATTCCTTG
ID=crovir-transcript-3876(+),988226,BARX2,MA1471.1,956,967,-1,1,0.869,TATACACATTAT
ID=crovir-transcript-3876(+),988226,TBX3,MA1566.1,131,140,1,0.953,0.929,AATGTGTAAC
ID=crovir-transcript-3876(+),988226,TBX3,MA1566.1,328,337,1,0.953,0.895,GTTGTGTTTA
ID=crovir-transcript-3876(+),988226,TBX3,MA1566.1,958,967,1,0.953,0.899,AATGTGTATA
ID=crovir-transcript-3876(+),988226,TBX3,MA1566.1,983,992,1,0.953,0.913,ATTGTGTAAA
ID=crovir-transcript-3876(+),988226,TBX3,MA1566.1,945,954,-1,0.953,0.89,TCTGTGTTTG
ID=crovir-transcript-3876(+),988226,TBX3,MA1566.1,880,889,-1,1,0.966,TTGGTGTTAC
ID=crovir-transcript-3876(+),988226,TBX3,MA1566.1,485,494,-1,0.892,0.857,ATGGTGAAAG
ID=crovir-transcript-3876(+),988226,TBX3,MA1566.1,402,411,-1,0.953,0.898,TATGTGTATT
ID=crovir-transcript-3876(+),988226,ELF5,MA0136.2,251,261,1,0.944,0.858,TCTTGGAAATG
ID=crovir-transcript-3876(+),988226,ELF5,MA0136.2,500,510,1,1,0.907,GGAGGGAAGTT
ID=crovir-transcript-3876(+),988226,ELF5,MA0136.2,906,916,-1,1,0.966,AAGAGGAAGTT
ID=crovir-transcript-3876(+),988226,ELF5,MA0136.2,711,721,-1,1,0.91,AAATGGAAGGC
ID=crovir-transcript-3876(+),988226,ELF5,MA0136.2,654,664,-1,0.944,0.917,ATGAGGAAATG
ID=crovir-transcript-3876(+),988226,ELF5,MA0136.2,316,326,-1,1,0.911,AAATGGAAGGG
ID=crovir-transcript-3876(+),988226,ELF5,MA0136.2,156,166,-1,0.944,0.873,GCCTGGAAATG
ID=crovir-transcript-3876(+),988226,Arid3a,MA0151.1,119,124,1,1,0.923,ATTAAG
ID=crovir-transcript-3876(+),988226,Arid3a,MA0151.1,270,275,1,0.939,0.863,ATAAAC
ID=crovir-transcript-3876(+),988226,Arid3a,MA0151.1,399,404,1,1,0.943,ATTAAT
ID=crovir-transcript-3876(+),988226,Arid3a,MA0151.1,423,428,1,0.939,0.863,ATAAAC
ID=crovir-transcript-3876(+),988226,Arid3a,MA0151.1,558,563,1,0.97,0.915,ATCAAT
ID=crovir-transcript-3876(+),988226,Arid3a,MA0151.1,622,627,1,0.939,0.887,ATAAAT
ID=crovir-transcript-3876(+),988226,Arid3a,MA0151.1,842,847,1,1,1,ATTAAA
ID=crovir-transcript-3876(+),988226,Arid3a,MA0151.1,967,972,1,1,0.943,ATTAAT
ID=crovir-transcript-3876(+),988226,Arid3a,MA0151.1,967,972,-1,1,0.943,ATTAAT
ID=crovir-transcript-3876(+),988226,Arid3a,MA0151.1,897,902,-1,1,0.923,ATTAAG
ID=crovir-transcript-3876(+),988226,Arid3a,MA0151.1,835,840,-1,0.939,0.887,ATAAAT
ID=crovir-transcript-3876(+),988226,Arid3a,MA0151.1,783,788,-1,1,1,ATTAAA
ID=crovir-transcript-3876(+),988226,Arid3a,MA0151.1,727,732,-1,0.939,0.887,ATAAAT
ID=crovir-transcript-3876(+),988226,Arid3a,MA0151.1,720,725,-1,0.936,0.941,ATGAAA
ID=crovir-transcript-3876(+),988226,Arid3a,MA0151.1,702,707,-1,0.97,0.915,ATCAAT
ID=crovir-transcript-3876(+),988226,Arid3a,MA0151.1,633,638,-1,0.939,0.887,ATAAAT
ID=crovir-transcript-3876(+),988226,Arid3a,MA0151.1,564,569,-1,0.97,0.891,ATCAAC
ID=crovir-transcript-3876(+),988226,Arid3a,MA0151.1,479,484,-1,0.936,0.86,ATGAAC
ID=crovir-transcript-3876(+),988226,Arid3a,MA0151.1,443,448,-1,0.936,0.884,ATGAAT
ID=crovir-transcript-3876(+),988226,Arid3a,MA0151.1,412,417,-1,0.939,0.863,ATAAAC
ID=crovir-transcript-3876(+),988226,Arid3a,MA0151.1,399,404,-1,1,0.943,ATTAAT
ID=crovir-transcript-3876(+),988226,Arid3a,MA0151.1,367,372,-1,0.936,0.941,ATGAAA
ID=crovir-transcript-3876(+),988226,Arid3a,MA0151.1,361,366,-1,1,1,ATTAAA
ID=crovir-transcript-3876(+),988226,Arid3a,MA0151.1,174,179,-1,0.97,0.972,ATCAAA
ID=crovir-transcript-3876(+),988226,Arid3a,MA0151.1,69,74,-1,0.939,0.944,ATAAAA
ID=crovir-transcript-3876(+),988226,NFIX,MA0671.1,670,678,1,0.955,0.955,TATGCCAGT
ID=crovir-transcript-3876(+),988226,NFIX,MA0671.1,940,948,1,1,0.983,CCAGCCAAA
ID=crovir-transcript-3876(+),988226,ZNF341,MA1655.1,855,866,1,1,0.941,TTAAACAGCCTC
ID=crovir-transcript-3876(+),988226,ZNF341,MA1655.1,920,931,1,1,0.922,TCTAACAGCTGC
ID=crovir-transcript-3876(+),988226,FOS,MA0476.1,37,47,1,1,0.945,TATGACTCAGA
ID=crovir-transcript-3876(+),988226,FOS,MA0476.1,37,47,-1,0.995,0.995,TCTGAGTCATA
ID=crovir-transcript-3876(+),988226,FOXO3,MA0157.2,331,338,-1,1,0.974,GTAAACAC
ID=crovir-transcript-3876(+),988226,FOXC2,MA0846.1,985,996,1,0.887,0.854,TGTGTAAAAACA
ID=crovir-transcript-3876(+),988226,FOXC2,MA0846.1,724,735,-1,0.934,0.855,ACTATAAATAAT
ID=crovir-transcript-3876(+),988226,FOXC2,MA0846.1,561,572,-1,0.917,0.851,CACATCAACATT
ID=crovir-transcript-3876(+),988226,FOXC2,MA0846.1,330,341,-1,1,0.924,TTGGTAAACACA
ID=crovir-transcript-3876(+),988226,FOXC2,MA0846.1,241,252,-1,1,0.851,GACAAAAACAAA
ID=crovir-transcript-3876(+),988226,FOXC2,MA0846.1,2,13,-1,1,0.859,TATAGAAACAGT
ID=crovir-transcript-1662(+),988227,NFATC1,MA0624.1,975,984,-1,0.957,0.921,GGATTCCTCT
ID=crovir-transcript-1662(+),988227,TFAP4,MA0691.1,985,994,1,1,0.893,TCCAGCTGGC
ID=crovir-transcript-1662(+),988227,TFAP4,MA0691.1,985,994,-1,1,0.891,GCCAGCTGGA
ID=crovir-transcript-1662(+),988227,NFIX,MA0671.1,989,997,-1,0.955,0.934,CCGGCCAGC
ID=crovir-transcript-1662(+),988227,FIGLA,MA0820.1,985,994,1,0.909,0.911,TCCAGCTGGC
ID=crovir-transcript-1662(+),988227,FIGLA,MA0820.1,985,994,-1,0.909,0.908,GCCAGCTGGA
